threshold,accuracy,precision,recall,f1,predicted_churn_rate
0.1,0.25,0.24242424242424243,1.0,0.3902439024390244,0.99
0.15000000000000002,0.28,0.25,1.0,0.4,0.96
0.20000000000000004,0.335,0.26256983240223464,0.9791666666666666,0.41409691629955947,0.895
0.25000000000000006,0.46,0.3026315789473684,0.9583333333333334,0.46,0.76
0.30000000000000004,0.49,0.30434782608695654,0.875,0.45161290322580644,0.69
0.3500000000000001,0.555,0.3333333333333333,0.8541666666666666,0.47953216374269003,0.615
0.40000000000000013,0.61,0.3469387755102041,0.7083333333333334,0.4657534246575342,0.49
0.45000000000000007,0.685,0.3972602739726027,0.6041666666666666,0.4793388429752066,0.365
0.5000000000000001,0.73,0.4482758620689655,0.5416666666666666,0.49056603773584906,0.29
0.5500000000000002,0.765,0.5142857142857142,0.375,0.43373493975903615,0.175
0.6000000000000002,0.785,0.6,0.3125,0.410958904109589,0.125
0.6500000000000001,0.775,0.6666666666666666,0.125,0.21052631578947367,0.045
0.7000000000000002,0.77,0.75,0.0625,0.11538461538461539,0.02
0.7500000000000002,0.76,0.0,0.0,0.0,0.0
0.8000000000000002,0.76,0.0,0.0,0.0,0.0
0.8500000000000002,0.76,0.0,0.0,0.0,0.0
0.9000000000000002,0.76,0.0,0.0,0.0,0.0
